id,image,letters,translit,gloss
achaz,assets/achaz.png,א ח ז,achaz,take hold
ahav,assets/ahav.png,א ה ב,ahav,love
akhal,assets/akhal.png,א כ ל,akhal,eat
alah,assets/alah.png,ע ל ה,alah,go up
amad,assets/amad.png,ע מ ד,amad,stand
aman,assets/aman.png,א מ ן,aman,believe
amar,assets/amar.png,א מ ר,amar,say
anah,assets/anah.png,ע נ ה,anah,answer
anah2,assets/anah2.png,ע נ ה,anah,afflict
arak,assets/arak.png,עָ רַ ךְ,arak,arrange
asaf,assets/asaf.png,א ס ף,asaf,gather
asah,assets/asah.png,ע שׂ ה,asah,"do, make"
asar,assets/asar.png,א ס ר,asar,bind
avad,assets/avad.png,ע ב ד,avad,serve
avad2,assets/avad2.png,א ב ד,avad,perish
avah,assets/avah.png,א ב ה,avah,be willing
avar,assets/avar.png,ע ב ר,avar,"pass, cross"
azar,assets/azar.png,ע ז ר,azar,help
azav,assets/azav.png,ע ז ב,azav,"leave, forsake"
baar,assets/baar.png,ב ע ר,baar,burn
bachar,assets/bachar.png,ב ח ר,bachar,choose
bagad,assets/bagad.png,ב ג ד,bagad,betray
bakhah,assets/bakhah.png,ב כ ה,bakhah,weep
banah,assets/banah.png,ב נ ה,banah,build
baqa,assets/baqa.png,ב ק ע,baqa,split
baqash,assets/baqash.png,בָּ קַ שׁ,baqash,seek
bara,assets/bara.png,ב ר א,bara,create
barach,assets/barach.png,בָּ רַ ח,barach,flee
barak,assets/barak.png,ב ר ךְ,barak,bless
batach,assets/batach.png,ב ט ח,batach,trust
bin,assets/bin.png,בִּ י ן,bin,understand
bo,assets/bo.png,בּ וֹ א,bo,"come, enter"
bosh,assets/bosh.png,בּ וֹ שׁ,bosh,be ashamed
chadal,assets/chadal.png,ח ד ל,chadal,cease
chafets,assets/chafets.png,ח פ ץ,chafets,delight in
chalah,assets/chalah.png,ח ל ה,chalah,be sick
chalaq,assets/chalaq.png,חָ לַ ק,chalaq,divide
chalel,assets/chalel.png,ח ל ל,chalel,begin
chanah,assets/chanah.png,ח נ ה,chanah,camp
chanan,assets/chanan.png,ח נ ן,chanan,show favour
charah,assets/charah.png,ח ר ה,charah,be angry
charash,assets/charash.png,ח ר שׁ,charash,be silent
chashav,assets/chashav.png,ח שׁ ב,chashav,consider
chata,assets/chata.png,ח ט א,chata,sin
chathar,assets/chathar.png,חָ תַ ר,chathar,dig
chathat,assets/chathat.png,חָ תַ ת,chathat,be dismayed
chavar,assets/chavar.png,חָ בַ ר,chavar,unite
chayah,assets/chayah.png,ח י ה,chayah,live
chazah,assets/chazah.png,ח ז ה,chazah,behold
chazaq,assets/chazaq.png,ח ז ק,chazaq,be strong
darakh,assets/darakh.png,ד ר ךְ,darakh,tread
dasha,assets/dasha.png,דָּ שָׁ א,dasha,sprout
davaq,assets/davaq.png,ד ב ק,davaq,cling
diber,assets/diber.png,ד ב ר,diber,speak
padah,assets/padah.png,פ ד ה,padah,redeem
gadal,assets/gadal.png,ג ד ל,gadal,be great
galah,assets/galah.png,ג ל ה,galah,uncover
galah2,assets/galah2.png,ג ל ה,galah,go into exile
gur,assets/gur.png,גּ וּ ר,gur,sojourn
halakh,assets/halakh.png,ה ל ךְ,halakh,"go, walk"
halel,assets/halel.png,ה ל ל,halel,praise
harag,assets/harag.png,ה ר ג,harag,kill
hayah,assets/hayah.png,הָ י ה,hayah,be
kaas,assets/kaas.png,כ ע ס,kaas,provoke
kalah,assets/kalah.png,כ ל ה,kalah,finish
karat,assets/karat.png,כ ר ת,karat,cut
kashal,assets/kashal.png,כ שׁ ל,kashal,stumble
katav,assets/katav.png,כ ת ב,katav,write
kaved,assets/kaved.png,כ ב ד,kaved,be heavy
kisah,assets/kisah.png,כ ס ה,kisah,cover
kives,assets/kives.png,כ ב ס,kives,"wash, launder"
lacham,assets/lacham.png,לָ חַ ם,lacham,fight
lakhad,assets/lakhad.png,ל כ ד,lakhad,capture
lamad,assets/lamad.png,ל מ ד,lamad,"learn, teach"
laqach,assets/laqach.png,ל ק ח,laqach,take
lavash,assets/lavash.png,ל ב שׁ,lavash,wear
lin,assets/lin.png,לִ י ן,lin,lodge
maas,assets/maas.png,מ א ס,maas,reject
madad,assets/madad.png,מ ד ד,madad,measure
makar,assets/makar.png,מ כ ר,makar,sell
malakh,assets/malakh.png,מ ל ךְ,malakh,reign
male,assets/male.png,מ ל א,male,fill
marad,assets/marad.png,מָ רַ ד,marad,rebel
mashach,assets/mashach.png,מ שׁ ח,mashach,anoint
mashal,assets/mashal.png,מ שׁ ל,mashal,rule
matar,assets/matar.png,מָ טַ ר,matar,cause to rain
matsa,assets/matsa.png,מ צ א,matsa,find
mihar,assets/mihar.png,מ ה ר,mihar,hasten
milet,assets/milet.png,מ ל ט,milet,escape
mut,assets/mut.png,מ וּ ת,mut,die
nachal,assets/nachal.png,נ ח ל,nachal,inherit
nacham,assets/nacham.png,נ ח ם,nacham,"comfort, regret"
nafal,assets/nafal.png,נ פ ל,nafal,fall
naga,assets/naga.png,נ ג ע,naga,touch
nagad,assets/nagad.png,נ ג ד,nagad,tell
nagaph,assets/nagaph.png,נ ג ף,nagaph,smite
nagash,assets/nagash.png,נָ גַ שׁ,nagash,draw near
nakah,assets/nakah.png,נ כ ה,nakah,strike
nakar,assets/nakar.png,נָ כַ ר,nakar,recognise
nasa,assets/nasa.png,נ שׂ א,nasa,lift
nasa2,assets/nasa2.png,נ ס ע,nasa,set out
nasag,assets/nasag.png,נ שׂ ג,nasag,overtake
nata,assets/nata.png,נ ט ע,nata,plant
natah,assets/natah.png,נ ט ה,natah,stretch out
natan,assets/natan.png,נ ת ן,natan,"give, set"
natsal,assets/natsal.png,נ צ ל,natsal,deliver
natsar,assets/natsar.png,נ צ ר,natsar,keep
nava,assets/nava.png,נ ב א,nava,prophesy
navat,assets/navat.png,נ ב ט,navat,look
nuach,assets/nuach.png,נ וּ חַ,nuach,rest
nus,assets/nus.png,נ וּ ס,nus,flee
oyev,assets/oyev.png,אָ יַ ב,oyev,be an enemy
paal,assets/paal.png,פ ע ל,paal,accomplish
palel,assets/palel.png,פ ל ל,palel,pray
panah,assets/panah.png,פ נ ה,panah,turn
paqad,assets/paqad.png,פ ק ד,paqad,visit
paras,assets/paras.png,פ ר שׂ,paras,spread
patach,assets/patach.png,פ ת ח,patach,open
puts,assets/puts.png,פּ וּ ץ,puts,scatter
qalel,assets/qalel.png,ק ל ל,qalel,curse
qanah,assets/qanah.png,ק נ ה,qanah,buy
qara,assets/qara.png,ק ר א,qara,"call, meet"
qara2,assets/qara2.png,ק ר א,qara,meet
qara3,assets/qara3.png,ק ר ע,qara,tear
qarav,assets/qarav.png,ק ר ב,qarav,draw near
qavah,assets/qavah.png,ק ו ה,qavah,wait
qavar,assets/qavar.png,ק ב ר,qavar,bury
qavats,assets/qavats.png,ק ב ץ,qavats,gather
qum,assets/qum.png,ק וּ ם,qum,rise
raa,assets/raa.png,ר ע ע,raa,do evil
raah,assets/raah.png,ר א ה,raah,see
raah2,assets/raah2.png,ר ע ה,raah,shepherd
rachaph,assets/rachaph.png,רָ חַ ף,rachaph,hover
rachaq,assets/rachaq.png,ר ח ק,rachaq,be far
rachats,assets/rachats.png,ר ח ץ,rachats,"wash, bathe"
radaf,assets/radaf.png,ר ד ף,radaf,pursue
radam,assets/radam.png,רָ דַ ם,radam,sleep deeply
rafa,assets/rafa.png,ר פ א,rafa,heal
rakhav,assets/rakhav.png,ר כ ב,rakhav,ride
ranan,assets/ranan.png,ר נ ן,ranan,sing for joy
ratsach,assets/ratsach.png,ר צ ח,ratsach,murder
ratsah,assets/ratsah.png,ר צ ה,ratsah,accept
ravah,assets/ravah.png,ר ב ה,ravah,multiply
riv,assets/riv.png,רִ י ב,riv,strive
riv2,assets/riv2.png,רִ י ב,riv,strife
ruq,assets/ruq.png,ר ו ק,ruq,empty
ruts,assets/ruts.png,ר וּ ץ,ruts,run
saar,assets/saar.png,סָ עַ ר,saar,storm
safar,assets/safar.png,ס פ ר,safar,count
sagar,assets/sagar.png,ס ג ר,sagar,shut
samach,assets/samach.png,שׂ מ ח,samach,rejoice
sane,assets/sane.png,שָׂ נֵ א,sane,hate
sathar,assets/sathar.png,סָ תַ ר,sathar,hide
sava,assets/sava.png,שׂ ב ע,sava,be satisfied
savav,assets/savav.png,ס ב ב,savav,go around
shaal,assets/shaal.png,שׁ א ל,shaal,ask
shaar,assets/shaar.png,שָׁ אַ ר,shaar,remain
shachah,assets/shachah.png,שָׁ חָ ה,shachah,bow down
shadad,assets/shadad.png,שׁ ד ד,shadad,devastate
shafakh,assets/shafakh.png,שׁ פ ךְ,shafakh,"pour out, spill"
shafat,assets/shafat.png,שׁ פ ט,shafat,judge
shakach,assets/shakach.png,שׁ כ ח,shakach,forget
shakam,assets/shakam.png,שָׁ כַ ם,shakam,rise early
shakan,assets/shakan.png,שָׁ כַ ן,shakan,dwell
shakav,assets/shakav.png,שׁ כ ב,shakav,lie down
shalach,assets/shalach.png,שׁ ל ח,shalach,send
shalam,assets/shalam.png,שָׁ לַ ם,shalam,repay
shamad,assets/shamad.png,שׁ מ ד,shamad,destroy
shamah,assets/shamah.png,שׁ מ ע,shamah,hear
shamar,assets/shamar.png,שׁ מ ר,shamar,guard
shaqah,assets/shaqah.png,שׁ ק ה,shaqah,cause to drink
shatah,assets/shatah.png,שׁ ת ה,shatah,drink
shavah,assets/shavah.png,שָׁ בָ ה,shavah,take captive
shavar,assets/shavar.png,שׁ ב ר,shavar,break
shavat,assets/shavat.png,שׁ ב ת,shavat,rest
sheba,assets/sheba.png,שׁ ב ע,sheba,swear
sheret,assets/sheret.png,שׁ ר ת,sheret,minister
shir,assets/shir.png,שִׁ י ר,shir,sing
shit,assets/shit.png,שִׁ י ת,shit,"put, set"
shuv,assets/shuv.png,שׁ וּ ב,shuv,"turn, return"
sim,assets/sim.png,שִׂ י ם,sim,"put, set"
taah,assets/taah.png,ת ע ה,taah,stray
tafas,assets/tafas.png,ת פ שׂ,tafas,seize
tamam,assets/tamam.png,ת מ ם,tamam,be complete
tame,assets/tame.png,ט מ א,tame,be unclean
taqa,assets/taqa.png,ת ק ע,taqa,blow
tsalach,assets/tsalach.png,צָ לַ ח,tsalach,prosper
tsipah,assets/tsipah.png,צ פ ה,tsipah,overlay
tsivah,assets/tsivah.png,צ ו ה,tsivah,command
tul,assets/tul.png,ט וּ ל,tul,hurl
ur,assets/ur.png,ע וּ ר,ur,rouse
yaats,assets/yaats.png,י ע ץ,yaats,counsel
yada,assets/yada.png,י ד ע,yada,know
yakach,assets/yakach.png,יָ כַ ח,yakach,reprove
yakhol,assets/yakhol.png,י כ ל,yakhol,be able
yalad,assets/yalad.png,י ל ד,yalad,"give birth, beget"
yarad,assets/yarad.png,י ר ד,yarad,go down
yare,assets/yare.png,י ר א,yare,fear
yasaf,assets/yasaf.png,י ס ף,yasaf,"add, do again"
yasha,assets/yasha.png,יָ שַׁ ע,yasha,save
yashav,assets/yashav.png,י שׁ ב,yashav,sit
yatav,assets/yatav.png,י ט ב,yatav,be good
yathar,assets/yathar.png,י ת ר,yathar,remain
yatsa,assets/yatsa.png,י צ א,yatsa,go out
yatsaq,assets/yatsaq.png,י צ ק,yatsaq,pour
yatsar,assets/yatsar.png,יָ צַ ר,yatsar,form
yatsav,assets/yatsav.png,יָ צַ ב,yatsav,stand firm
yavesh,assets/yavesh.png,י ב שׁ,yavesh,dry
zaak,assets/zaak.png,זָ עַ ק,zaak,cry out
zakhar,assets/zakhar.png,ז כ ר,zakhar,remember
zara,assets/zara.png,ז ר ע,zara,sow
zavach,assets/zavach.png,ז ב ח,zavach,sacrifice